<?xml version="1.0" encoding="UTF-8" standalone="no"?>
<scene depth="1" desc="" eventsnippetid="27" extheight="704" extwidth="1024" extx="-32" exty="-32" format="4.0.2" gravx="-0.0" gravy="0.0" height="640" id="2" name="MyTestScene" revision="" savecount="0" tiled="1" tileh="32" tilew="32" type="standard" width="960">
    <layers>
        <color-bg blue="255" green="255" red="255"/>
        <layer blendMode="normal" color="100,168,234" id="0" locked="false" name="MyLayer" opacity="100" order="0" scrollFactorX="1.0" scrollFactorY="1.0" visible="true"/>
    </layers>
    <joints/>
    <regions/>
    <terrainRegions/>
    <actors>
        <actor a="0.0" aid="1" c="false" group="3" id="19" name="TESTSHIT 1" order="0" sx="1.0" sy="1.0" x="150" y="142" z="0"/>
        <actor a="0.0" aid="2" c="false" group="3" id="26" name="HealthBarActor 2" order="1" sx="1.0" sy="1.0" x="227" y="117" z="0"/>
        <actor a="0.0" aid="3" c="false" group="3" id="26" name="HealthBarActor 3" order="2" sx="1.0" sy="1.0" x="269" y="173" z="0"/>
        <actor a="0.0" aid="4" c="false" group="3" id="26" name="HealthBarActor 4" order="3" sx="1.0" sy="1.0" x="265" y="166" z="0"/>
        <actor a="0.0" aid="5" c="false" group="3" id="26" name="HealthBarActor 5" order="4" sx="1.0" sy="1.0" x="221" y="132" z="0"/>
        <actor a="0.0" aid="6" c="false" group="3" id="26" name="HealthBarActor 6" order="5" sx="1.0" sy="1.0" x="229" y="174" z="0"/>
        <actor a="0.0" aid="7" c="false" group="3" id="26" name="HealthBarActor 7" order="6" sx="1.0" sy="1.0" x="233" y="179" z="0"/>
        <actor a="0.0" aid="8" c="false" group="3" id="26" name="HealthBarActor 8" order="7" sx="1.0" sy="1.0" x="226" y="187" z="0"/>
        <actor a="0.0" aid="9" c="false" group="3" id="26" name="HealthBarActor 9" order="8" sx="1.0" sy="1.0" x="221" y="194" z="0"/>
        <actor a="0.0" aid="10" c="false" group="3" id="26" name="HealthBarActor 10" order="9" sx="1.0" sy="1.0" x="221" y="199" z="0"/>
        <actor a="0.0" aid="11" c="false" group="3" id="26" name="HealthBarActor 11" order="10" sx="1.0" sy="1.0" x="200" y="209" z="0"/>
        <actor a="0.0" aid="12" c="false" group="3" id="26" name="HealthBarActor 12" order="11" sx="1.0" sy="1.0" x="195" y="214" z="0"/>
        <actor a="0.0" aid="13" c="false" group="3" id="26" name="HealthBarActor 13" order="12" sx="1.0" sy="1.0" x="161" y="221" z="0"/>
        <actor a="0.0" aid="14" c="false" group="3" id="26" name="HealthBarActor 14" order="13" sx="1.0" sy="1.0" x="158" y="230" z="0"/>
        <actor a="0.0" aid="15" c="false" group="3" id="26" name="HealthBarActor 15" order="14" sx="1.0" sy="1.0" x="158" y="235" z="0"/>
        <actor a="0.0" aid="16" c="false" group="3" id="26" name="HealthBarActor 16" order="15" sx="1.0" sy="1.0" x="268" y="206" z="0"/>
        <actor a="0.0" aid="17" c="false" group="3" id="26" name="HealthBarActor 17" order="16" sx="1.0" sy="1.0" x="246" y="152" z="0"/>
        <actor a="0.0" aid="18" c="false" group="3" id="26" name="HealthBarActor 18" order="17" sx="1.0" sy="1.0" x="235" y="219" z="0"/>
        <actor a="0.0" aid="19" c="false" group="3" id="26" name="HealthBarActor 19" order="18" sx="1.0" sy="1.0" x="232" y="228" z="0"/>
        <actor a="0.0" aid="20" c="false" group="3" id="26" name="HealthBarActor 20" order="19" sx="1.0" sy="1.0" x="230" y="233" z="0"/>
        <actor a="0.0" aid="21" c="false" group="3" id="26" name="HealthBarActor 21" order="20" sx="1.0" sy="1.0" x="226" y="240" z="0"/>
        <actor a="0.0" aid="22" c="false" group="3" id="26" name="HealthBarActor 22" order="21" sx="1.0" sy="1.0" x="221" y="247" z="0"/>
        <actor a="0.0" aid="23" c="false" group="3" id="26" name="HealthBarActor 23" order="22" sx="1.0" sy="1.0" x="215" y="254" z="0"/>
        <actor a="0.0" aid="24" c="false" group="3" id="26" name="HealthBarActor 24" order="23" sx="1.0" sy="1.0" x="141" y="157" z="0"/>
        <actor a="0.0" aid="25" c="false" group="3" id="26" name="HealthBarActor 25" order="24" sx="1.0" sy="1.0" x="193" y="119" z="0"/>
        <actor a="0.0" aid="26" c="false" group="3" id="26" name="HealthBarActor 26" order="25" sx="1.0" sy="1.0" x="194" y="112" z="0"/>
        <actor a="0.0" aid="27" c="false" group="3" id="26" name="HealthBarActor 27" order="26" sx="1.0" sy="1.0" x="160" y="90" z="0"/>
        <actor a="0.0" aid="28" c="false" group="3" id="26" name="HealthBarActor 28" order="27" sx="1.0" sy="1.0" x="98" y="140" z="0"/>
        <actor a="0.0" aid="29" c="false" group="3" id="26" name="HealthBarActor 29" order="28" sx="1.0" sy="1.0" x="100" y="147" z="0"/>
        <actor a="0.0" aid="30" c="false" group="3" id="26" name="HealthBarActor 30" order="29" sx="1.0" sy="1.0" x="105" y="152" z="0"/>
        <actor a="0.0" aid="31" c="false" group="3" id="26" name="HealthBarActor 31" order="30" sx="1.0" sy="1.0" x="104" y="160" z="0"/>
        <actor a="0.0" aid="32" c="false" group="3" id="26" name="HealthBarActor 32" order="31" sx="1.0" sy="1.0" x="83" y="189" z="0"/>
        <actor a="0.0" aid="33" c="false" group="3" id="26" name="HealthBarActor 33" order="32" sx="1.0" sy="1.0" x="87" y="200" z="0"/>
        <actor a="0.0" aid="34" c="false" group="3" id="26" name="HealthBarActor 34" order="33" sx="1.0" sy="1.0" x="101" y="208" z="0"/>
    </actors>
    <snippets/>
    <terrain/>
    <atlases members="" retainAtlases="true"/>
</scene>
