<?xml version="1.0" encoding="UTF-8" standalone="no"?>
<scene depth="5" desc="" eventsnippetid="45" extheight="384" extwidth="544" extx="-32" exty="-32" format="4.0.2" gravx="-0.0" gravy="0.0" height="320" id="4" name="TownScene" revision="" savecount="0" tiled="1" tileh="32" tilew="32" type="standard" width="480">
    <layers>
        <color-bg blue="255" green="255" red="255"/>
        <background blendMode="normal" customScrollFactor="false" id="1" locked="true" name="TownSceneTemporaryBG" opacity="100" order="5" rid="36" scrollFactorX="1.0" scrollFactorY="1.0" visible="true"/>
        <layer blendMode="normal" color="100,168,234" id="0" locked="false" name="NPCs" opacity="100" order="4" scrollFactorX="1.0" scrollFactorY="1.0" visible="true"/>
        <layer blendMode="normal" color="255,175,175" id="5" locked="false" name="PlayerCharacters" opacity="100" order="3" scrollFactorX="1.0" scrollFactorY="1.0" visible="true"/>
        <layer blendMode="normal" color="0,255,0" id="2" locked="false" name="UI" opacity="100" order="2" scrollFactorX="1.0" scrollFactorY="1.0" visible="true"/>
        <layer blendMode="normal" color="64,64,64" id="3" locked="false" name="Inventory" opacity="100" order="1" scrollFactorX="1.0" scrollFactorY="1.0" visible="true"/>
        <layer blendMode="normal" color="255,0,255" id="4" locked="false" name="ItemPopup" opacity="100" order="0" scrollFactorX="1.0" scrollFactorY="1.0" visible="true"/>
    </layers>
    <joints/>
    <regions/>
    <terrainRegions/>
    <actors/>
    <snippets/>
    <terrain/>
    <atlases members="" retainAtlases="true"/>
</scene>
