<?xml version="1.0" encoding="UTF-8" standalone="no"?>
<pack>
    <actor adamp="0.0" ascale="true" atlasID="0" bodytype="0" continuous="false" desc="" eventsnippetid="49" fixedrot="false" fric="0.2" gid="3" id="39" ignoreg="false" inertia="1.0" ldamp="0.0" mass="1.0" name="BarmaidActor" oid="-1" pausable="true" physicsMode="1" rest="0.0" shared="false" sprite="40" static="true">
        <snippets/>
    </actor>
    <sprite atlasID="0" default="0" defaultAnimation="0" desc="" id="40" name="BarmaidActor" readable="false" shared="false">
        <anim across="1" down="1" durations="100" height="64" id="0" loop="true" name="Animation 0" numframes="1" originx="32" originy="32" sync="false" version="2" width="64">
            <poly data="4,0,0,64,0,64,64,0,64" density="0.1" fric="0.2" gid="-1000" id="0" name="Animation 0" rest="0.0" sensor="false"/>
        </anim>
    </sprite>
    <actor adamp="0.0" ascale="true" atlasID="0" bodytype="0" continuous="false" desc="" eventsnippetid="48" fixedrot="false" fric="0.2" gid="3" id="37" ignoreg="false" inertia="1.0" ldamp="0.0" mass="1.0" name="BlacksmithActor" oid="-1" pausable="true" physicsMode="1" rest="0.0" shared="false" sprite="38" static="true">
        <snippets/>
    </actor>
    <sprite atlasID="0" default="0" defaultAnimation="0" desc="" id="38" name="BlacksmithActor" readable="false" shared="false">
        <anim across="1" down="1" durations="100" height="85" id="0" loop="true" name="Animation 0" numframes="1" originx="31" originy="42" sync="false" version="2" width="63">
            <poly data="4,0,0,63,0,63,85,0,85" density="0.1" fric="0.2" gid="-1000" id="0" name="Animation 0" rest="0.0" sensor="false"/>
        </anim>
    </sprite>
    <actor adamp="0.0" ascale="true" atlasID="0" bodytype="0" continuous="true" desc="" eventsnippetid="16" fixedrot="false" fric="0.2" gid="3" id="12" ignoreg="false" inertia="1.0" ldamp="0.0" mass="1.0" name="ButtonActor" oid="-1" pausable="true" physicsMode="1" rest="0.0" shared="false" sprite="13" static="true">
        <snippets/>
    </actor>
    <sprite atlasID="0" default="0" defaultAnimation="0" desc="" id="13" name="ButtonActor" readable="false" shared="false">
        <anim across="1" down="1" durations="100" height="36" id="0" loop="true" name="Default" numframes="1" originx="18" originy="18" sync="false" version="2" width="36">
            <poly data="4,0,0,36,0,36,36,0,36" density="0.1" fric="0.2" gid="-1000" id="0" name="Op" rest="0.0" sensor="false"/>
        </anim>
        <anim across="1" down="1" durations="100" height="36" id="1" loop="true" name="Inventory" numframes="1" originx="18" originy="18" sync="false" version="2" width="36">
            <poly data="4,0,0,36,0,36,36,0,36" density="0.1" fric="0.2" gid="-1000" id="0" name="Inventory" rest="0.0" sensor="false"/>
        </anim>
        <anim across="1" down="1" durations="100" height="36" id="2" loop="true" name="Back" numframes="1" originx="18" originy="18" sync="false" version="2" width="36">
            <poly data="4,0,0,36,0,36,36,0,36" density="0.1" fric="0.2" gid="-1000" id="0" name="Back" rest="0.0" sensor="false"/>
        </anim>
    </sprite>
    <sprite atlasID="0" default="0" defaultAnimation="0" desc="" id="15" name="ButtonActor" readable="false" shared="false">
        <anim across="1" down="1" durations="100" height="36" id="0" loop="false" name="Default" numframes="1" originx="18" originy="18" sync="false" version="2" width="36"/>
        <anim across="1" down="1" durations="100" height="36" id="1" loop="false" name="Mage Shield" numframes="1" originx="18" originy="18" sync="false" version="2" width="36"/>
        <anim across="1" down="1" durations="100" height="36" id="2" loop="false" name="Frost Bolt" numframes="1" originx="18" originy="18" sync="false" version="2" width="36"/>
        <anim across="1" down="1" durations="100" height="36" id="3" loop="true" name="Fire Ball" numframes="1" originx="18" originy="18" sync="false" version="2" width="36"/>
        <anim across="1" down="1" durations="100" height="36" id="4" loop="true" name="Move" numframes="1" originx="18" originy="18" sync="false" version="2" width="36"/>
        <anim across="1" down="1" durations="100" height="36" id="5" loop="true" name="End Turn" numframes="1" originx="18" originy="18" sync="false" version="2" width="36"/>
        <anim across="1" down="1" durations="100" height="36" id="6" loop="true" name="Melee Attack" numframes="1" originx="18" originy="18" sync="false" version="2" width="36"/>
        <anim across="1" down="1" durations="100" height="36" id="7" loop="true" name="Torch" numframes="1" originx="18" originy="18" sync="false" version="2" width="36"/>
        <anim across="1" down="1" durations="100" height="36" id="8" loop="false" name="Shoot Arrow" numframes="1" originx="18" originy="18" sync="false" version="2" width="36"/>
    </sprite>
    <font alphabet=" !&quot;#$%&amp;'()*+,-./0123456789:;&lt;=&gt;?@ABCDEFGHIJKLMNOPQRSTUVWXYZ[\]^_`abcdefghijklmnopqrstuvwxyz{|}~ ¡¢£¤¥¦§¨©ª«¬­®¯°±²³´µ¶·¸¹º»¼½¾¿ÀÁÂÃÄÅÆÇÈÉÊËÌÍÎÏÐÑÒÓÔÕÖ×ØÙÚÛÜÝÞßàáâãäåæçèéêëìíîïðñòóôõö÷øùúûüýþÿĀāĂăĄąĆćĈĉĊċČčĎďĐđĒēĔĕĖėĘęĚěĜĝĞğĠġĢģĤĥĦħĨĩĪīĬĭĮįİıĲĳĴĵĶķĸĹĺĻļĽľĿŀŁłŃńŅņŇňŉŊŋŌōŎŏŐőŒœŔŕŖŗŘřŚśŜŝŞşŠšŢţŤťŦŧŨũŪūŬŭŮůŰűŲųŴŵŶŷŸŹźŻżŽžſ" atlasID="0" desc="" height="15" id="43" name="DebugFont" offsets="0|0|0|,4|0|4,7|0|7,12|0|12,20|0|20,28|0|28,39|0|39,48|0|48,51|0|51,56|0|56,61|0|61,67|0|67,75|0|75,78|0|78,83|0|83,86|0|86,91|0|91,99|0|99,104|0|104,112|0|112,120|0|120,128|0|128,136|0|136,144|0|144,152|0|152,160|0|160,168|0|168,171|0|171,174|0|174,182|0|182,190|0|190,198|0|198,206|0|206,219|0|219,228|0|228,237|0|237,247|0|247,257|0|257,266|0|266,274|0|274,284|0|284,293|0|293,296|0|296,303|0|303,312|0|312,320|0|320,331|0|331,340|0|340,350|0|350,359|0|359,369|0|369,379|0|379,388|0|388,397|0|397,406|0|406,415|0|415,428|0|428,437|0|437,446|0|446,455|0|455,460|0|460,465|0|465,469|0|469,476|0|476,485|0|485,489|0|489,497|0|497,505|0|505,512|0|512,519|0|519,527|0|527,532|0|532,539|0|539,546|0|546,549|0|549,553|0|553,560|0|560,563|0|563,574|0|574,581|0|581,589|0|589,597|0|597,604|0|604,610|0|610,617|0|617,622|0|622,629|0|629,636|0|636,646|0|646,653|0|653,660|0|660,667|0|667,672|0|672,675|0|675,680|0|680,688|0|688,695|0|695,696|0|696,697|0|697,698|0|698,699|0|699,700|0|700,701|0|701,702|0|702,703|0|703,704|0|704,705|0|705,706|0|706,707|0|707,708|0|708,709|0|709,710|0|710,711|0|711,712|0|712,713|0|713,714|0|714,715|0|715,716|0|716,717|0|717,718|0|718,719|0|719,720|0|720,721|0|721,722|0|722,723|0|723,724|0|724,725|0|725,726|0|726,727|0|727,731|0|731,734|0|734,742|0|742,750|0|750,758|0|758,766|0|766,769|0|769,777|0|777,782|0|782,792|0|792,798|0|798,805|0|805,813|0|813,818|0|818,828|0|828,837|0|837,842|0|842,850|0|850,855|0|855,860|0|860,864|0|864,871|0|871,879|0|879,882|0|882,887|0|887,891|0|891,897|0|897,904|0|904,915|0|915,926|0|926,937|0|937,945|0|945,954|0|954,963|0|963,972|0|972,981|0|981,990|0|990,999|0|999,1012|0|1012,1022|0|1022,1031|0|1031,1040|0|1040,1049|0|1049,1058|0|1058,1062|0|1062,1066|0|1066,1072|0|1072,1077|0|1077,1088|0|1088,1097|0|1097,1107|0|1107,1117|0|1117,1127|0|1127,1137|0|1137,1147|0|1147,1155|0|1155,1165|0|1165,1174|0|1174,1183|0|1183,1192|0|1192,1201|0|1201,1210|0|1210,1219|0|1219,1227|0|1227,1235|0|1235,1243|0|1243,1251|0|1251,1259|0|1259,1267|0|1267,1275|0|1275,1287|0|1287,1294|0|1294,1302|0|1302,1310|0|1310,1318|0|1318,1326|0|1326,1330|0|1330,1334|0|1334,1340|0|1340,1345|0|1345,1353|0|1353,1360|0|1360,1368|0|1368,1376|0|1376,1384|0|1384,1392|0|1392,1400|0|1400,1408|0|1408,1416|0|1416,1423|0|1423,1430|0|1430,1437|0|1437,1444|0|1444,1451|0|1451,1459|0|1459,1466|0|1466,1475|0|1475,1483|0|1483,1492|0|1492,1500|0|1500,1510|0|1510,1518|0|1518,1528|0|1528,1535|0|1535,1545|0|1545,1552|0|1552,1562|0|1562,1569|0|1569,1579|0|1579,1586|0|1586,1596|0|1596,1605|0|1605,1616|0|1616,1624|0|1624,1633|0|1633,1641|0|1641,1650|0|1650,1658|0|1658,1667|0|1667,1675|0|1675,1684|0|1684,1692|0|1692,1701|0|1701,1709|0|1709,1719|0|1719,1726|0|1726,1736|0|1736,1743|0|1743,1753|0|1753,1760|0|1760,1770|0|1770,1777|0|1777,1786|0|1786,1793|0|1793,1803|0|1803,1810|0|1810,1816|0|1816,1822|0|1822,1828|0|1828,1834|0|1834,1839|0|1839,1845|0|1845,1849|0|1849,1853|0|1853,1856|0|1856,1859|0|1859,1868|0|1868,1874|0|1874,1882|0|1882,1888|0|1888,1897|0|1897,1904|0|1904,1911|0|1911,1919|0|1919,1923|0|1923,1931|0|1931,1934|0|1934,1942|0|1942,1947|0|1947,1955|0|1955,1960|0|1960,1968|0|1968,1972|0|1972,1981|0|1981,1988|0|1988,1997|0|1997,2004|0|2004,2013|0|2013,2020|0|2020,2029|0|2029,2039|0|2039,2046|0|2046,2056|0|2056,2064|0|2064,2074|0|2074,2082|0|2082,2092|0|2092,2100|0|2100,2113|0|2113,2125|0|2125,2135|0|2135,2141|0|2141,2151|0|2151,2157|0|2157,2167|0|2167,2173|0|2173,2182|0|2182,2189|0|2189,2198|0|2198,2205|0|2205,2214|0|2214,2221|0|2221,2230|0|2230,2237|0|2237,2246|0|2246,2251|0|2251,2260|0|2260,2266|0|2266,2275|0|2275,2280|0|2280,2289|0|2289,2296|0|2296,2305|0|2305,2312|0|2312,2321|0|2321,2328|0|2328,2337|0|2337,2344|0|2344,2353|0|2353,2360|0|2360,2369|0|2369,2377|0|2377,2390|0|2390,2400|0|2400,2409|0|2409,2416|0|2416,2425|0|2425,2434|0|2434,2441|0|2441,2450|0|2450,2457|0|2457,2466|0|2466,2473|0|2473" oid="-1" prerendered="false" readable="false" rowHeight="15" shared="false"/>
    <background atlasID="0" desc="" durations="100" dx="-0.0" dy="-0.0" height="320" id="0" name="GreenBG" numframes="1" oid="-1" readable="false" repeats="false" resized="false" shared="false" width="480" xpf="1.0" ypf="1.0"/>
    <actor adamp="0.0" ascale="true" atlasID="0" bodytype="0" continuous="false" desc="" eventsnippetid="41" fixedrot="false" fric="0.2" gid="3" id="26" ignoreg="false" inertia="1.0" ldamp="0.0" mass="1.0" name="HealthBarActor" oid="-1" pausable="true" physicsMode="1" rest="0.0" shared="false" sprite="27" static="true">
        <snippets/>
    </actor>
    <actor adamp="0.0" ascale="false" atlasID="0" bodytype="0" continuous="false" desc="" eventsnippetid="42" fixedrot="false" fric="0.2" gid="3" id="28" ignoreg="false" inertia="1.0" ldamp="0.0" mass="1.0" name="HealthBarFrameActor" oid="-1" pausable="true" physicsMode="1" rest="0.0" shared="false" sprite="29" static="true">
        <snippets/>
    </actor>
    <sprite atlasID="0" default="1" defaultAnimation="1" desc="" id="29" name="HealthBarFrameActor" readable="false" shared="false">
        <anim across="1" down="1" durations="100" height="7" id="1" loop="true" name="Animation 1" numframes="1" originx="17" originy="3" sync="false" version="2" width="34"/>
    </sprite>
    <sprite atlasID="0" default="0" defaultAnimation="0" desc="" id="27" name="HeathBarActor" readable="false" shared="false">
        <anim across="1" down="1" durations="100" height="5" id="0" loop="false" name="Green" numframes="1" originx="16" originy="2" sync="false" version="2" width="32"/>
    </sprite>
    <font alphabet=" !&quot;#$%&amp;'()*+,-./0123456789:;&lt;=&gt;?@ABCDEFGHIJKLMNOPQRSTUVWXYZ[\]^_`abcdefghijklmnopqrstuvwxyz{|}~ ¡¢£¤¥¦§¨©ª«¬­®¯°±²³´µ¶·¸¹º»¼½¾¿ÀÁÂÃÄÅÆÇÈÉÊËÌÍÎÏÐÑÒÓÔÕÖ×ØÙÚÛÜÝÞßàáâãäåæçèéêëìíîïðñòóôõö÷øùúûüýþÿĀāĂăĄąĆćĈĉĊċČčĎďĐđĒēĔĕĖėĘęĚěĜĝĞğĠġĢģĤĥĦħĨĩĪīĬĭĮįİıĲĳĴĵĶķĸĹĺĻļĽľĿŀŁłŃńŅņŇňŉŊŋŌōŎŏŐőŒœŔŕŖŗŘřŚśŜŝŞşŠšŢţŤťŦŧŨũŪūŬŭŮůŰűŲųŴŵŶŷŸŹźŻżŽžſ" atlasID="0" desc="" height="14" id="23" name="ItemDescriptionFont" offsets="0|0|0|,4|0|4,7|0|7,12|0|12,19|0|19,25|0|25,35|0|35,45|0|45,48|0|48,53|0|53,58|0|58,64|0|64,71|0|71,75|0|75,80|0|80,83|0|83,88|0|88,95|0|95,100|0|100,106|0|106,112|0|112,119|0|119,125|0|125,132|0|132,138|0|138,144|0|144,150|0|150,153|0|153,157|0|157,164|0|164,171|0|171,178|0|178,184|0|184,195|0|195,204|0|204,212|0|212,220|0|220,229|0|229,237|0|237,244|0|244,253|0|253,262|0|262,267|0|267,273|0|273,282|0|282,290|0|290,301|0|301,311|0|311,320|0|320,327|0|327,336|0|336,345|0|345,352|0|352,360|0|360,369|0|369,378|0|378,390|0|390,399|0|399,408|0|408,416|0|416,421|0|421,426|0|426,430|0|430,436|0|436,444|0|444,448|0|448,454|0|454,461|0|461,467|0|467,474|0|474,480|0|480,486|0|486,493|0|493,500|0|500,504|0|504,509|0|509,516|0|516,520|0|520,530|0|530,537|0|537,544|0|544,551|0|551,558|0|558,563|0|563,568|0|568,573|0|573,580|0|580,587|0|587,596|0|596,603|0|603,610|0|610,616|0|616,621|0|621,624|0|624,628|0|628,635|0|635,642|0|642,643|0|643,644|0|644,645|0|645,646|0|646,647|0|647,648|0|648,649|0|649,650|0|650,651|0|651,652|0|652,653|0|653,654|0|654,655|0|655,656|0|656,657|0|657,658|0|658,659|0|659,660|0|660,661|0|661,662|0|662,663|0|663,664|0|664,665|0|665,666|0|666,667|0|667,668|0|668,669|0|669,670|0|670,671|0|671,672|0|672,673|0|673,674|0|674,678|0|678,681|0|681,687|0|687,694|0|694,701|0|701,708|0|708,711|0|711,717|0|717,722|0|722,731|0|731,735|0|735,742|0|742,749|0|749,754|0|754,763|0|763,771|0|771,776|0|776,783|0|783,788|0|788,792|0|792,795|0|795,802|0|802,809|0|809,812|0|812,815|0|815,819|0|819,824|0|824,831|0|831,841|0|841,850|0|850,860|0|860,866|0|866,875|0|875,884|0|884,893|0|893,902|0|902,911|0|911,920|0|920,932|0|932,940|0|940,948|0|948,956|0|956,964|0|964,972|0|972,977|0|977,982|0|982,987|0|987,992|0|992,1001|0|1001,1011|0|1011,1020|0|1020,1029|0|1029,1038|0|1038,1047|0|1047,1056|0|1056,1062|0|1062,1071|0|1071,1080|0|1080,1089|0|1089,1098|0|1098,1107|0|1107,1116|0|1116,1123|0|1123,1130|0|1130,1136|0|1136,1143|0|1143,1149|0|1149,1155|0|1155,1161|0|1161,1167|0|1167,1175|0|1175,1181|0|1181,1187|0|1187,1193|0|1193,1199|0|1199,1205|0|1205,1209|0|1209,1214|0|1214,1218|0|1218,1223|0|1223,1230|0|1230,1237|0|1237,1244|0|1244,1251|0|1251,1258|0|1258,1265|0|1265,1272|0|1272,1279|0|1279,1286|0|1286,1293|0|1293,1300|0|1300,1307|0|1307,1314|0|1314,1321|0|1321,1328|0|1328,1335|0|1335,1344|0|1344,1350|0|1350,1359|0|1359,1365|0|1365,1374|0|1374,1380|0|1380,1388|0|1388,1395|0|1395,1403|0|1403,1409|0|1409,1417|0|1417,1423|0|1423,1431|0|1431,1437|0|1437,1446|0|1446,1454|0|1454,1463|0|1463,1470|0|1470,1478|0|1478,1484|0|1484,1492|0|1492,1498|0|1498,1506|0|1506,1512|0|1512,1520|0|1520,1526|0|1526,1534|0|1534,1540|0|1540,1549|0|1549,1556|0|1556,1565|0|1565,1572|0|1572,1581|0|1581,1588|0|1588,1597|0|1597,1604|0|1604,1613|0|1613,1620|0|1620,1629|0|1629,1636|0|1636,1641|0|1641,1646|0|1646,1651|0|1651,1656|0|1656,1661|0|1661,1666|0|1666,1671|0|1671,1675|0|1675,1680|0|1680,1684|0|1684,1692|0|1692,1698|0|1698,1704|0|1704,1709|0|1709,1718|0|1718,1725|0|1725,1732|0|1732,1740|0|1740,1746|0|1746,1754|0|1754,1758|0|1758,1766|0|1766,1772|0|1772,1780|0|1780,1786|0|1786,1794|0|1794,1798|0|1798,1808|0|1808,1815|0|1815,1825|0|1825,1832|0|1832,1842|0|1842,1849|0|1849,1857|0|1857,1866|0|1866,1872|0|1872,1881|0|1881,1888|0|1888,1897|0|1897,1904|0|1904,1913|0|1913,1920|0|1920,1931|0|1931,1940|0|1940,1949|0|1949,1954|0|1954,1963|0|1963,1968|0|1968,1977|0|1977,1982|0|1982,1989|0|1989,1994|0|1994,2001|0|2001,2007|0|2007,2014|0|2014,2019|0|2019,2026|0|2026,2031|0|2031,2039|0|2039,2044|0|2044,2052|0|2052,2058|0|2058,2066|0|2066,2070|0|2070,2079|0|2079,2086|0|2086,2095|0|2095,2102|0|2102,2111|0|2111,2118|0|2118,2127|0|2127,2134|0|2134,2143|0|2143,2150|0|2150,2159|0|2159,2166|0|2166,2178|0|2178,2187|0|2187,2196|0|2196,2203|0|2203,2212|0|2212,2220|0|2220,2227|0|2227,2235|0|2235,2241|0|2241,2249|0|2249,2255|0|2255" oid="-1" prerendered="false" readable="false" rowHeight="14" shared="false"/>
    <actor adamp="0.0" ascale="true" atlasID="0" bodytype="0" continuous="false" desc="" eventsnippetid="32" fixedrot="false" fric="0.2" gid="3" id="21" ignoreg="false" inertia="1.0" ldamp="0.0" mass="1.0" name="ItemPopupActionButton" oid="-1" pausable="true" physicsMode="1" rest="0.0" shared="false" sprite="22" static="true">
        <snippets/>
    </actor>
    <sprite atlasID="0" default="0" defaultAnimation="0" desc="" id="22" name="ItemPopupActionButton" readable="false" shared="false">
        <anim across="1" down="1" durations="100" height="50" id="0" loop="false" name="Blank" numframes="1" originx="50" originy="25" sync="false" version="2" width="100">
            <poly data="4,0,0,100,0,100,50,0,50" density="0.1" fric="0.2" gid="-1000" id="0" name="Animation 0" rest="0.0" sensor="false"/>
        </anim>
        <anim across="1" down="1" durations="100" height="50" id="1" loop="true" name="Buy" numframes="1" originx="50" originy="25" sync="false" version="2" width="100">
            <poly data="4,0,0,100,0,100,50,0,50" density="0.1" fric="0.2" gid="-1000" id="0" name="Animation 1" rest="0.0" sensor="false"/>
        </anim>
        <anim across="1" down="1" durations="100" height="50" id="2" loop="true" name="Sell" numframes="1" originx="50" originy="25" sync="false" version="2" width="100">
            <poly data="4,0,0,100,0,100,50,0,50" density="0.1" fric="0.2" gid="-1000" id="0" name="Animation 2" rest="0.0" sensor="false"/>
        </anim>
        <anim across="1" down="1" durations="100" height="50" id="3" loop="true" name="Use" numframes="1" originx="50" originy="25" sync="false" version="2" width="100">
            <poly data="4,0,0,100,0,100,50,0,50" density="0.1" fric="0.2" gid="-1000" id="0" name="Animation 3" rest="0.0" sensor="false"/>
        </anim>
    </sprite>
    <actor adamp="0.0" ascale="true" atlasID="0" bodytype="0" continuous="true" desc="" eventsnippetid="26" fixedrot="false" fric="0.2" gid="3" id="17" ignoreg="false" inertia="1.0" ldamp="0.0" mass="1.0" name="ItemPopupCloseButton" oid="-1" pausable="true" physicsMode="1" rest="0.0" shared="false" sprite="18" static="true">
        <snippets/>
    </actor>
    <sprite atlasID="0" default="0" defaultAnimation="0" desc="" id="18" name="ItemPopupCloseButton" readable="false" shared="false">
        <anim across="1" down="1" durations="100" height="16" id="0" loop="true" name="Animation 0" numframes="1" originx="8" originy="8" sync="false" version="2" width="16"/>
    </sprite>
    <background atlasID="0" desc="" durations="100" dx="-0.0" dy="-0.0" height="320" id="5" name="MainBG" numframes="1" oid="-1" readable="false" repeats="false" resized="false" shared="false" width="480" xpf="1.0" ypf="1.0"/>
    <actor adamp="0.0" ascale="true" atlasID="0" bodytype="0" continuous="false" desc="" eventsnippetid="46" fixedrot="false" fric="0.2" gid="3" id="32" ignoreg="false" inertia="1.0" ldamp="0.0" mass="1.0" name="MerchantActor" oid="-1" pausable="true" physicsMode="1" rest="0.0" shared="false" sprite="33" static="true">
        <snippets/>
    </actor>
    <sprite atlasID="0" default="0" defaultAnimation="0" desc="" id="33" name="MerchantActor" readable="false" shared="false">
        <anim across="2" down="1" durations="1250,750" height="80" id="0" loop="true" name="Animation 0" numframes="2" originx="21" originy="40" sync="false" version="2" width="84"/>
    </sprite>
    <actor adamp="0.0" ascale="false" atlasID="0" bodytype="0" continuous="false" desc="" eventsnippetid="47" fixedrot="false" fric="0.2" gid="3" id="34" ignoreg="false" inertia="1.0" ldamp="0.0" mass="1.0" name="MerchantStand" oid="-1" pausable="false" physicsMode="2" rest="0.0" shared="false" sprite="35" static="true">
        <snippets/>
    </actor>
    <sprite atlasID="0" default="0" defaultAnimation="0" desc="" id="35" name="MerchantStand" readable="false" shared="false">
        <anim across="1" down="1" durations="100" height="128" id="0" loop="false" name="Animation 0" numframes="1" originx="64" originy="64" sync="false" version="2" width="128"/>
    </sprite>
    <actor adamp="0.0" ascale="true" atlasID="0" bodytype="2" continuous="false" desc="" eventsnippetid="13" fixedrot="false" fric="0.2" gid="3" id="8" ignoreg="true" inertia="1.0" ldamp="0.0" mass="1.0" name="MissileActor" oid="-1" pausable="true" physicsMode="2" rest="0.0" shared="false" sprite="9" static="false">
        <snippets/>
    </actor>
    <sprite atlasID="0" default="0" defaultAnimation="0" desc="" id="9" name="MissileActor" readable="false" shared="false">
        <anim across="1" down="1" durations="100" height="34" id="0" loop="false" name="Frost Bolt" numframes="1" originx="17" originy="17" sync="false" version="2" width="34"/>
        <anim across="1" down="1" durations="100" height="3" id="1" loop="true" name="Arrow" numframes="1" originx="24" originy="1" sync="false" version="2" width="48">
            <poly data="4,0,0,48,0,48,3,0,3" density="0.1" fric="0.2" gid="-1000" id="0" name="Arrow" rest="0.0" sensor="false"/>
        </anim>
    </sprite>
    <actor adamp="0.0" ascale="true" atlasID="0" bodytype="0" continuous="false" desc="" eventsnippetid="50" fixedrot="false" fric="0.2" gid="3" id="41" ignoreg="false" inertia="1.0" ldamp="0.0" mass="1.0" name="NanaJoyActor" oid="-1" pausable="true" physicsMode="1" rest="0.0" shared="false" sprite="42" static="true">
        <snippets/>
    </actor>
    <sprite atlasID="0" default="0" defaultAnimation="0" desc="" id="42" name="NanaJoyActor" readable="false" shared="false">
        <anim across="1" down="1" durations="100" height="86" id="0" loop="true" name="Animation 0" numframes="1" originx="44" originy="43" sync="false" version="2" width="89">
            <poly data="4,0,0,89,0,89,86,0,86" density="0.1" fric="0.2" gid="-1000" id="0" name="Animation 0" rest="0.0" sensor="false"/>
        </anim>
    </sprite>
    <actor adamp="0.0" ascale="true" atlasID="0" bodytype="0" continuous="false" desc="" eventsnippetid="53" fixedrot="false" fric="0.2" gid="3" id="44" ignoreg="false" inertia="1.0" ldamp="0.0" mass="1.0" name="NPCOptionButton" oid="-1" pausable="true" physicsMode="1" rest="0.0" shared="false" sprite="45" static="true">
        <snippets/>
    </actor>
    <sprite atlasID="0" default="0" defaultAnimation="0" desc="" id="45" name="NPCOptionButton" readable="false" shared="false">
        <anim across="1" down="1" durations="100" height="50" id="0" loop="false" name="Blank" numframes="1" originx="50" originy="25" sync="false" version="2" width="100"/>
        <anim across="1" down="1" durations="100" height="50" id="1" loop="true" name="Buy" numframes="1" originx="50" originy="25" sync="false" version="2" width="100">
            <poly data="4,0,0,100,0,100,50,0,50" density="0.1" fric="0.2" gid="-1000" id="0" name="Animation 1" rest="0.0" sensor="false"/>
        </anim>
        <anim across="1" down="1" durations="100" height="50" id="2" loop="true" name="Sell" numframes="1" originx="50" originy="25" sync="false" version="2" width="100">
            <poly data="4,0,0,100,0,100,50,0,50" density="0.1" fric="0.2" gid="-1000" id="0" name="Animation 2" rest="0.0" sensor="false"/>
        </anim>
        <anim across="1" down="1" durations="100" height="50" id="3" loop="true" name="Use" numframes="1" originx="50" originy="25" sync="false" version="2" width="100">
            <poly data="4,0,0,100,0,100,50,0,50" density="0.1" fric="0.2" gid="-1000" id="0" name="Animation 3" rest="0.0" sensor="false"/>
        </anim>
    </sprite>
    <font alphabet=" !&quot;#$%&amp;'()*+,-./0123456789:;&lt;=&gt;?@ABCDEFGHIJKLMNOPQRSTUVWXYZ[\]^_`abcdefghijklmnopqrstuvwxyz{|}~ ¡¢£¤¥¦§¨©ª«¬­®¯°±²³´µ¶·¸¹º»¼½¾¿ÀÁÂÃÄÅÆÇÈÉÊËÌÍÎÏÐÑÒÓÔÕÖ×ØÙÚÛÜÝÞßàáâãäåæçèéêëìíîïðñòóôõö÷øùúûüýþÿĀāĂăĄąĆćĈĉĊċČčĎďĐđĒēĔĕĖėĘęĚěĜĝĞğĠġĢģĤĥĦħĨĩĪīĬĭĮįİıĲĳĴĵĶķĸĹĺĻļĽľĿŀŁłŃńŅņŇňŉŊŋŌōŎŏŐőŒœŔŕŖŗŘřŚśŜŝŞşŠšŢţŤťŦŧŨũŪūŬŭŮůŰűŲųŴŵŶŷŸŹźŻżŽžſ" atlasID="0" desc="" height="42" id="16" name="PriceFont" offsets="0|0|0|,5|0|5,10|0|10,17|0|17,29|0|29,39|0|39,54|0|54,66|0|66,70|0|70,77|0|77,84|0|84,93|0|93,103|0|103,108|0|108,115|0|115,119|0|119,127|0|127,137|0|137,144|0|144,154|0|154,164|0|164,175|0|175,185|0|185,195|0|195,205|0|205,215|0|215,225|0|225,229|0|229,234|0|234,244|0|244,254|0|254,264|0|264,274|0|274,292|0|292,306|0|306,318|0|318,331|0|331,344|0|344,356|0|356,367|0|367,380|0|380,392|0|392,396|0|396,405|0|405,418|0|418,428|0|428,442|0|442,454|0|454,468|0|468,480|0|480,494|0|494,508|0|508,520|0|520,532|0|532,544|0|544,558|0|558,576|0|576,590|0|590,604|0|604,616|0|616,622|0|622,630|0|630,636|0|636,646|0|646,658|0|658,665|0|665,676|0|676,686|0|686,696|0|696,706|0|706,716|0|716,724|0|724,734|0|734,744|0|744,748|0|748,754|0|754,764|0|764,768|0|768,782|0|782,792|0|792,802|0|802,812|0|812,822|0|822,830|0|830,840|0|840,847|0|847,857|0|857,868|0|868,883|0|883,894|0|894,905|0|905,916|0|916,923|0|923,927|0|927,935|0|935,946|0|946,955|0|955,956|0|956,957|0|957,958|0|958,959|0|959,960|0|960,961|0|961,962|0|962,963|0|963,964|0|964,965|0|965,966|0|966,967|0|967,968|0|968,969|0|969,970|0|970,971|0|971,972|0|972,973|0|973,974|0|974,975|0|975,976|0|976,977|0|977,978|0|978,979|0|979,980|0|980,981|0|981,982|0|982,983|0|983,984|0|984,985|0|985,986|0|986,987|0|987,992|0|992,997|0|997,1007|0|1007,1019|0|1019,1029|0|1029,1041|0|1041,1045|0|1045,1055|0|1055,1062|0|1062,1077|0|1077,1086|0|1086,1096|0|1096,1106|0|1106,1113|0|1113,1128|0|1128,1140|0|1140,1147|0|1147,1157|0|1157,1165|0|1165,1173|0|1173,1179|0|1179,1189|0|1189,1201|0|1201,1205|0|1205,1211|0|1211,1217|0|1217,1225|0|1225,1235|0|1235,1250|0|1250,1265|0|1265,1281|0|1281,1292|0|1292,1306|0|1306,1320|0|1320,1334|0|1334,1348|0|1348,1362|0|1362,1376|0|1376,1394|0|1394,1407|0|1407,1419|0|1419,1431|0|1431,1443|0|1443,1455|0|1455,1461|0|1461,1467|0|1467,1476|0|1476,1483|0|1483,1497|0|1497,1509|0|1509,1523|0|1523,1537|0|1537,1551|0|1551,1565|0|1565,1579|0|1579,1589|0|1589,1603|0|1603,1615|0|1615,1627|0|1627,1639|0|1639,1651|0|1651,1665|0|1665,1677|0|1677,1688|0|1688,1699|0|1699,1710|0|1710,1721|0|1721,1732|0|1732,1743|0|1743,1754|0|1754,1770|0|1770,1780|0|1780,1790|0|1790,1800|0|1800,1810|0|1810,1820|0|1820,1826|0|1826,1832|0|1832,1840|0|1840,1847|0|1847,1857|0|1857,1867|0|1867,1877|0|1877,1887|0|1887,1897|0|1897,1907|0|1907,1917|0|1917,1927|0|1927,1938|0|1938,1948|0|1948,1958|0|1958,1968|0|1968,1978|0|1978,1989|0|1989,1999|0|1999,2010|0|2010,2024|0|2024,2035|0|2035,2049|0|2049,2060|0|2060,2075|0|2075,2087|0|2087,2100|0|2100,2110|0|2110,2123|0|2123,2133|0|2133,2146|0|2146,2156|0|2156,2169|0|2169,2179|0|2179,2192|0|2192,2204|0|2204,2218|0|2218,2229|0|2229,2241|0|2241,2251|0|2251,2263|0|2263,2273|0|2273,2285|0|2285,2295|0|2295,2308|0|2308,2318|0|2318,2330|0|2330,2340|0|2340,2353|0|2353,2363|0|2363,2376|0|2376,2386|0|2386,2399|0|2399,2409|0|2409,2422|0|2422,2432|0|2432,2444|0|2444,2454|0|2454,2468|0|2468,2479|0|2479,2487|0|2487,2495|0|2495,2503|0|2503,2511|0|2511,2519|0|2519,2527|0|2527,2533|0|2533,2539|0|2539,2544|0|2544,2548|0|2548,2560|0|2560,2568|0|2568,2579|0|2579,2588|0|2588,2601|0|2601,2611|0|2611,2621|0|2621,2631|0|2631,2637|0|2637,2647|0|2647,2651|0|2651,2661|0|2661,2668|0|2668,2678|0|2678,2686|0|2686,2697|0|2697,2703|0|2703,2715|0|2715,2725|0|2725,2737|0|2737,2747|0|2747,2759|0|2759,2769|0|2769,2781|0|2781,2794|0|2794,2804|0|2804,2818|0|2818,2828|0|2828,2842|0|2842,2852|0|2852,2866|0|2866,2876|0|2876,2893|0|2893,2909|0|2909,2923|0|2923,2931|0|2931,2945|0|2945,2953|0|2953,2967|0|2967,2976|0|2976,2988|0|2988,2998|0|2998,3010|0|3010,3020|0|3020,3032|0|3032,3042|0|3042,3054|0|3054,3064|0|3064,3076|0|3076,3083|0|3083,3095|0|3095,3104|0|3104,3116|0|3116,3123|0|3123,3135|0|3135,3145|0|3145,3157|0|3157,3167|0|3167,3179|0|3179,3189|0|3189,3201|0|3201,0|21|3211,12|21|3223,22|21|3233,34|21|3245,45|21|3256,63|21|3274,78|21|3289,92|21|3303,103|21|3314,117|21|3328,129|21|3340,140|21|3351,152|21|3363,163|21|3374,175|21|3386,186|21|3397" oid="-1" prerendered="false" readable="false" rowHeight="21" shared="false"/>
    <actor adamp="0.0" ascale="true" atlasID="0" bodytype="0" continuous="true" desc="" eventsnippetid="37" fixedrot="false" fric="0.2" gid="3" id="24" ignoreg="false" inertia="1.0" ldamp="0.0" mass="1.0" name="SayerBackgroundActor" oid="-1" pausable="true" physicsMode="1" rest="0.0" shared="false" sprite="25" static="true">
        <snippets/>
    </actor>
    <sprite atlasID="0" default="0" defaultAnimation="0" desc="" id="25" name="SayerBackgroundActor" readable="false" shared="false">
        <anim across="1" down="1" durations="100" height="70" id="0" loop="true" name="Animation 0" numframes="1" originx="50" originy="35" sync="false" version="2" width="100"/>
    </sprite>
    <actor adamp="0.0" ascale="true" atlasID="0" bodytype="0" continuous="false" desc="" eventsnippetid="17" fixedrot="false" fric="0.2" gid="3" id="14" ignoreg="false" inertia="1.0" ldamp="0.0" mass="1.0" name="SpellButtonActor" oid="-1" pausable="true" physicsMode="1" rest="0.0" shared="false" sprite="15" static="true">
        <snippets/>
    </actor>
    <actor adamp="0.0" ascale="true" atlasID="0" bodytype="2" continuous="true" desc="" eventsnippetid="28" fixedrot="false" fric="0.2" gid="3" id="19" ignoreg="false" inertia="1.0" ldamp="0.0" mass="1.0" name="TESTSHIT" oid="-1" pausable="true" physicsMode="0" rest="0.0" shared="false" sprite="20" static="false">
        <snippets>
            <s enabled="true" id="29">
                <prop id="32" list="0" val="down"/>
                <prop id="2147483647" list="0" val="thisactor"/>
                <prop id="33" list="0" val="left"/>
                <prop id="34" list="0" val="right"/>
                <prop id="38" list="0" val="0.0"/>
                <prop id="39" list="0" val="0.0"/>
                <prop id="40" list="0" val="true"/>
                <prop id="11" list="0" val="20"/>
                <prop id="44" list="0" val="false"/>
                <prop id="45" list="0" val="false"/>
                <prop id="46" list="0" val="true"/>
                <prop id="47" list="0" val="false"/>
                <prop id="49" list="0" val="false"/>
                <prop id="50" list="0" val="Animation 0"/>
                <prop id="51" list="0" val="Animation 0"/>
                <prop id="52" list="0" val="Animation 0"/>
                <prop id="53" list="0" val="Animation 0"/>
                <prop id="54" list="0" val="Animation 0"/>
                <prop id="55" list="0" val="Animation 0"/>
                <prop id="56" list="0" val="Animation 0"/>
                <prop id="57" list="0" val="Animation 0"/>
                <prop id="58" list="0" val="true"/>
                <prop id="31" list="0" val="up"/>
            </s>
            <s enabled="true" id="30">
                <prop id="2147483647" list="0" val="thisactor"/>
                <prop id="1" list="0" val="Brighten"/>
                <prop id="2" list="0" val="1.0"/>
                <prop id="3" list="0" val="50.0"/>
                <prop id="4" list="0" val="255,0,0,255"/>
            </s>
            <s enabled="true" id="31">
                <prop id="2147483647" list="0" val="thisactor"/>
                <prop id="1" list="0" val="0.0"/>
                <prop id="4" list="0" val="0.0"/>
                <prop id="6" list="0" val="0.0"/>
                <prop id="8" list="0" val="0.0"/>
                <prop id="9" list="0" val="0.0"/>
            </s>
        </snippets>
    </actor>
    <sprite atlasID="0" default="0" defaultAnimation="0" desc="" id="20" name="TESTSHIT" readable="false" shared="false">
        <anim across="1" down="1" durations="100" height="45" id="0" loop="true" name="Animation 0" numframes="1" originx="22" originy="22" sync="false" version="2" width="44">
            <poly data="4,0,0,44,0,44,45,0,45" density="0.1" fric="0.2" gid="-1000" id="0" name="Animation 0" rest="0.0" sensor="false"/>
        </anim>
    </sprite>
    <actor adamp="0.0" ascale="true" atlasID="0" bodytype="0" continuous="true" desc="" eventsnippetid="7" fixedrot="false" fric="0.2" gid="3" id="1" ignoreg="false" inertia="1.0" ldamp="0.0" mass="1.0" name="TileSpaceActor" oid="-1" pausable="true" physicsMode="1" rest="0.0" shared="false" sprite="2" static="true">
        <snippets/>
    </actor>
    <sprite atlasID="0" default="0" defaultAnimation="0" desc="" id="2" name="TileSpaceActor" readable="false" shared="false">
        <anim across="1" down="1" durations="100" height="27" id="0" loop="true" name="Unhighlighted" numframes="1" originx="22" originy="13" sync="false" version="2" width="45"/>
        <anim across="1" down="1" durations="100" height="27" id="1" loop="true" name="Highlighted" numframes="1" originx="22" originy="13" sync="false" version="2" width="45">
            <poly data="4,0,0,45,0,45,27,0,27" density="0.1" fric="0.2" gid="-1000" id="0" name="Highlighted" rest="0.0" sensor="false"/>
        </anim>
    </sprite>
    <background atlasID="0" desc="" durations="100" dx="-0.0" dy="-0.0" height="320" id="36" name="TownSceneTemporaryBG" numframes="1" oid="-1" readable="false" repeats="false" resized="false" shared="false" width="480" xpf="1.0" ypf="1.0"/>
    <actor adamp="0.0" ascale="true" atlasID="0" bodytype="0" continuous="false" desc="" eventsnippetid="8" fixedrot="false" fric="0.2" gid="3" id="3" ignoreg="false" inertia="1.0" ldamp="0.0" mass="1.0" name="UnitActor" oid="-1" pausable="true" physicsMode="1" rest="0.0" shared="false" sprite="4" static="true">
        <snippets/>
    </actor>
    <sprite atlasID="0" default="0" defaultAnimation="0" desc="" id="4" name="UnitActor" readable="false" shared="false">
        <anim across="2" down="2" durations="500,250,500,250" height="200" id="0" loop="true" name="Soldier" numframes="4" originx="60" originy="50" sync="false" version="2" width="240"/>
        <anim across="2" down="2" durations="500,250,500,250" height="300" id="1" loop="true" name="Peasant" numframes="4" originx="75" originy="75" sync="false" version="2" width="300"/>
        <anim across="3" down="2" durations="250,100,100,250,100,100" height="192" id="2" loop="true" name="Ranger" numframes="6" originx="48" originy="48" sync="false" version="2" width="288"/>
    </sprite>
</pack>
