<?xml version="1.0" encoding="UTF-8" standalone="no"?>
<pack>
    <snippet attachedevent="true" class="scripts.SceneEvents_0" classname="scripts.SceneEvents_0" desc="Scene Specific Events" description="Scene Specific Events" design="true" drawOrder="0" id="0" name="SceneEvents_0" oid="-1" package="scripts." sceneid="0" shared="false" type="scene">
        <blocks/>
        <events>
            <event displayName="Created" enabled="true" id="1" name="init" order="1" repeats="true"/>
            <event displayName="Toggle Log" enabled="true" id="2" name="event-key-any-press-release" order="2" repeats="true"/>
        </events>
    </snippet>
    <snippet attachedevent="true" class="scripts.SceneEvents_1" classname="scripts.SceneEvents_1" desc="Scene Specific Events" description="Scene Specific Events" design="true" drawOrder="0" id="2" name="SceneEvents_1" oid="-1" package="scripts." sceneid="1" shared="false" type="scene">
        <blocks/>
        <events>
            <event displayName="Created" enabled="true" id="1" name="init" order="1" repeats="true"/>
        </events>
    </snippet>
    <snippet attachedevent="false" class="Unit" classname="Unit" desc="" description="" design="false" drawOrder="0" id="3" name="Unit" oid="-1" package="scripts" shared="false" type="arbitrary">
        <blocks/>
        <events/>
    </snippet>
    <snippet attachedevent="false" class="Constants" classname="Constants" desc="" description="" design="false" drawOrder="0" id="4" name="Constants" oid="-1" package="scripts" shared="false" type="arbitrary">
        <blocks/>
        <events/>
    </snippet>
    <snippet attachedevent="false" class="TileSpace" classname="TileSpace" desc="" description="" design="false" drawOrder="0" id="5" name="TileSpace" oid="-1" package="scripts" shared="false" type="arbitrary">
        <blocks/>
        <events/>
    </snippet>
    <snippet attachedevent="false" class="Battlefield" classname="Battlefield" desc="" description="" design="false" drawOrder="0" id="6" name="Battlefield" oid="-1" package="scripts" shared="false" type="arbitrary">
        <blocks/>
        <events/>
    </snippet>
    <snippet actorid="1" attachedevent="true" class="scripts.ActorEvents_1" classname="scripts.ActorEvents_1" desc="Actor Specific Events" description="Actor Specific Events" design="true" drawOrder="0" id="7" name="ActorEvents_1" oid="-1" package="scripts." shared="false" type="actor">
        <blocks/>
        <events/>
    </snippet>
    <snippet actorid="3" attachedevent="true" class="scripts.ActorEvents_3" classname="scripts.ActorEvents_3" desc="Actor Specific Events" description="Actor Specific Events" design="true" drawOrder="0" id="8" name="ActorEvents_3" oid="-1" package="scripts." shared="false" type="actor">
        <blocks/>
        <events>
            <event displayName="Created" enabled="true" id="1" name="init" order="1" repeats="true"/>
        </events>
    </snippet>
    <snippet attachedevent="false" class="Spell" classname="Spell" desc="" description="" design="false" drawOrder="0" id="9" name="Spell" oid="-1" package="scripts" shared="false" type="arbitrary">
        <blocks/>
        <events/>
    </snippet>
    <snippet attachedevent="false" class="SpellTemplate" classname="SpellTemplate" desc="" description="" design="false" drawOrder="0" id="10" name="SpellTemplate" oid="-1" package="scripts" shared="false" type="arbitrary">
        <blocks/>
        <events/>
    </snippet>
    <snippet attachedevent="false" class="Stats" classname="Stats" desc="" description="" design="false" drawOrder="0" id="11" name="Stats" oid="-1" package="scripts" shared="false" type="arbitrary">
        <blocks/>
        <events/>
    </snippet>
    <snippet attachedevent="false" class="SpellDatabase" classname="SpellDatabase" desc="" description="" design="false" drawOrder="0" id="12" name="SpellDatabase" oid="-1" package="scripts" shared="false" type="arbitrary">
        <blocks/>
        <events/>
    </snippet>
    <snippet actorid="8" attachedevent="true" class="scripts.ActorEvents_8" classname="scripts.ActorEvents_8" desc="Actor Specific Events" description="Actor Specific Events" design="true" drawOrder="0" id="13" name="ActorEvents_8" oid="-1" package="scripts." shared="false" type="actor">
        <blocks/>
        <events/>
    </snippet>
    <snippet attachedevent="false" class="BattlefieldUI" classname="BattlefieldUI" desc="" description="" design="false" drawOrder="0" id="14" name="BattlefieldUI" oid="-1" package="scripts" shared="false" type="arbitrary">
        <blocks/>
        <events/>
    </snippet>
    <snippet actorid="12" attachedevent="true" class="scripts.ActorEvents_12" classname="scripts.ActorEvents_12" desc="Actor Specific Events" description="Actor Specific Events" design="true" drawOrder="0" id="16" name="ActorEvents_12" oid="-1" package="scripts." shared="false" type="actor">
        <blocks/>
        <events/>
    </snippet>
    <snippet actorid="14" attachedevent="true" class="scripts.ActorEvents_14" classname="scripts.ActorEvents_14" desc="Actor Specific Events" description="Actor Specific Events" design="true" drawOrder="0" id="17" name="ActorEvents_14" oid="-1" package="scripts." shared="false" type="actor">
        <blocks/>
        <events/>
    </snippet>
    <snippet attachedevent="false" class="InventoryUI" classname="InventoryUI" desc="" description="" design="false" drawOrder="0" id="18" name="InventoryUI" oid="-1" package="scripts" shared="false" type="arbitrary">
        <blocks/>
        <events/>
    </snippet>
    <snippet attachedevent="false" class="Item" classname="Item" desc="" description="" design="false" drawOrder="0" id="19" name="Item" oid="-1" package="scripts" shared="false" type="arbitrary">
        <blocks/>
        <events/>
    </snippet>
    <snippet attachedevent="false" class="Player" classname="Player" desc="" description="" design="false" drawOrder="0" id="20" name="Player" oid="-1" package="scripts" shared="false" type="arbitrary">
        <blocks/>
        <events/>
    </snippet>
    <snippet attachedevent="false" class="ItemsDatabase" classname="ItemsDatabase" desc="" description="" design="false" drawOrder="0" id="21" name="ItemsDatabase" oid="-1" package="scripts" shared="false" type="arbitrary">
        <blocks/>
        <events/>
    </snippet>
    <snippet attachedevent="false" class="PopupUI" classname="PopupUI" desc="" description="" design="false" drawOrder="0" id="22" name="PopupUI" oid="-1" package="scripts" shared="false" type="arbitrary">
        <blocks/>
        <events/>
    </snippet>
    <snippet attachedevent="false" class="PlayerCharacter" classname="PlayerCharacter" desc="" description="" design="false" drawOrder="0" id="23" name="PlayerCharacter" oid="-1" package="scripts" shared="false" type="arbitrary">
        <blocks/>
        <events/>
    </snippet>
    <snippet attachedevent="false" class="CharacterClass" classname="CharacterClass" desc="" description="" design="false" drawOrder="0" id="24" name="CharacterClass" oid="-1" package="scripts" shared="false" type="arbitrary">
        <blocks/>
        <events/>
    </snippet>
    <snippet actorid="17" attachedevent="true" class="scripts.ActorEvents_17" classname="scripts.ActorEvents_17" desc="Actor Specific Events" description="Actor Specific Events" design="true" drawOrder="0" id="26" name="ActorEvents_17" oid="-1" package="scripts." shared="false" type="actor">
        <blocks/>
        <events/>
    </snippet>
    <snippet attachedevent="true" class="scripts.SceneEvents_2" classname="scripts.SceneEvents_2" desc="Scene Specific Events" description="Scene Specific Events" design="true" drawOrder="0" id="27" name="SceneEvents_2" oid="-1" package="scripts." sceneid="2" shared="false" type="scene">
        <blocks/>
        <events>
            <event displayName="Created" enabled="true" id="1" name="init" order="1" repeats="true"/>
            <event displayName="Code" enabled="true" id="2" name="event-custom-code" order="3" repeats="true"/>
            <event displayName="Any Key" enabled="true" id="3" name="event-key-any-press-release" order="4" repeats="true"/>
            <event displayName="Click" enabled="true" id="4" name="event-mouse-press-release" order="5" repeats="true"/>
        </events>
    </snippet>
    <snippet actorid="19" attachedevent="true" class="scripts.ActorEvents_19" classname="scripts.ActorEvents_19" desc="Actor Specific Events" description="Actor Specific Events" design="true" drawOrder="0" id="28" name="ActorEvents_19" oid="-1" package="scripts." shared="false" type="actor">
        <blocks/>
        <events/>
    </snippet>
    <snippet attachedevent="false" class="scripts.Design_29_29_4WayMovement" classname="scripts.Design_29_29_4WayMovement" desc="Allows the actor to move up, down, left and right." description="Allows the actor to move up, down, left and right." design="true" drawOrder="0" id="29" name="4 Way Movement" oid="-1" package="scripts" shared="false" type="actor">
        <control default="" defaultValue="" desc="" dropdown="" fullname="Down Control" hidden="false" id="32" name="_DownControl" order="8"/>
        <actor default="thisactor" defaultValue="thisactor" desc="" dropdown="" fullname="Actor" hidden="true" id="2147483647" name="actor" order="0"/>
        <control default="" defaultValue="" desc="" dropdown="" fullname="Left Control" hidden="false" id="33" name="_LeftControl" order="9"/>
        <control default="" defaultValue="" desc="" dropdown="" fullname="Right Control" hidden="false" id="34" name="_RightControl" order="10"/>
        <number default="0.0" defaultValue="0.0" desc="" dropdown="" fullname="Move X" hidden="true" id="38" name="_MoveX" order="1"/>
        <number default="0.0" defaultValue="0.0" desc="" dropdown="" fullname="Move Y" hidden="true" id="39" name="_MoveY" order="2"/>
        <boolean default="true" defaultValue="true" desc="If selected, the actor will not be able to turn while moving." dropdown="" fullname="Stop Turning" hidden="false" id="40" name="_StopTurning" order="13"/>
        <number default="30.0" defaultValue="30.0" desc="The speed of the movement." dropdown="" fullname="Speed" hidden="false" id="11" name="_Speed" order="11"/>
        <boolean default="false" defaultValue="false" desc="" dropdown="" fullname="Prefer X" hidden="true" id="44" name="_PreferX" order="3"/>
        <boolean default="false" defaultValue="false" desc="If selected, the actor will stop moving if diagonal keys are pressed at the same.&lt;br /&gt;&#10;If unselected, the actor will move in the direction of the most recently pressed key." dropdown="" fullname="Diagonal Stop" hidden="false" id="45" name="_DiagonalStop" order="12"/>
        <boolean default="true" defaultValue="true" desc="If selected, the control attributes will be used to control the movement.&lt;br /&gt;&#10;If unselected, the control attributes are ignored and the movement can be controlled by triggering custom events.&lt;br /&gt;&#10;Trigger the events  &lt;var&gt;MoveUp&lt;/var&gt;, &lt;var&gt;MoveDown&lt;/var&gt;, &lt;var&gt;MoveLeft&lt;/var&gt; or &lt;var&gt;MoveRight&lt;/var&gt; to make the actor move as if the keys were pressed." dropdown="" fullname="Use Controls" hidden="false" id="46" name="_UseControls" order="6"/>
        <boolean default="false" defaultValue="false" desc="" dropdown="" fullname="X Idle" hidden="true" id="47" name="_XIdle" order="4"/>
        <boolean default="false" defaultValue="false" desc="" dropdown="" fullname="Y Idle" hidden="true" id="49" name="_YIdle" order="5"/>
        <animation default="" defaultValue="" desc="" dropdown="" fullname="Up Animation (Idle)" hidden="false" id="50" name="_UpAnimationIdle" order="15"/>
        <animation default="" defaultValue="" desc="" dropdown="" fullname="Up Animation" hidden="false" id="51" name="_UpAnimation" order="16"/>
        <animation default="" defaultValue="" desc="" dropdown="" fullname="Down Animation (Idle)" hidden="false" id="52" name="_DownAnimationIdle" order="17"/>
        <animation default="" defaultValue="" desc="" dropdown="" fullname="Down Animation" hidden="false" id="53" name="_DownAnimation" order="18"/>
        <animation default="" defaultValue="" desc="" dropdown="" fullname="Left Animation (Idle)" hidden="false" id="54" name="_LeftAnimationIdle" order="19"/>
        <animation default="" defaultValue="" desc="" dropdown="" fullname="Left Animation" hidden="false" id="55" name="_LeftAnimation" order="20"/>
        <animation default="" defaultValue="" desc="" dropdown="" fullname="Right Animation (Idle)" hidden="false" id="56" name="_RightAnimationIdle" order="21"/>
        <animation default="" defaultValue="" desc="" dropdown="" fullname="Right Animation" hidden="false" id="57" name="_RightAnimation" order="22"/>
        <boolean default="true" defaultValue="true" desc="If selected, the animation attributes will be used, otherwise they will be ignored." dropdown="" fullname="Use Animations" hidden="false" id="58" name="_UseAnimations" order="14"/>
        <control default="" defaultValue="" desc="" dropdown="" fullname="Up Control" hidden="false" id="31" name="_UpControl" order="7"/>
        <blocks/>
        <events>
            <event displayName="Updated" enabled="true" id="3" name="step" order="3" repeats="true"/>
            <event displayName="Custom Event" enabled="true" id="4" name="event-custom" order="4" repeats="true"/>
            <event displayName="Custom Event" enabled="true" id="5" name="event-custom" order="5" repeats="true"/>
            <event displayName="Custom Event" enabled="true" id="6" name="event-custom" order="6" repeats="true"/>
            <event displayName="Custom Event" enabled="true" id="7" name="event-custom" order="7" repeats="true"/>
        </events>
    </snippet>
    <snippet attachedevent="false" class="scripts.Design_30_30_EmphasiseOnMouseOver" classname="scripts.Design_30_30_EmphasiseOnMouseOver" desc="Emphasises the actor in some way when the cursor is placed over it. Options include fade, grow, shrink, brighten, darken and more." description="Emphasises the actor in some way when the cursor is placed over it. Options include fade, grow, shrink, brighten, darken and more." design="true" drawOrder="0" id="30" name="Emphasise On Mouse Over" oid="-1" package="scripts" shared="false" type="actor">
        <actor default="thisactor" defaultValue="thisactor" desc="" dropdown="" fullname="Actor" hidden="true" id="2147483647" name="actor" order="0"/>
        <text default="" defaultValue="" desc="The type of emphasis applied to the actor on mouse over. Includes fade, grow, shrink, brighten and darken." dropdown="Fade=Fade&#10;Grow=Grow&#10;Shrink=Shrink&#10;Turn Clockwise=Turn Clockwise&#10;Turn Anti-Clockwise=Turn Anti-Clockwise&#10;Brighten=Brighten&#10;Darken=Darken&#10;Tint=Tint&#10;Grayscale=Grayscale&#10;Negative=Negative&#10;Sepia=Sepia&#10;" fullname="Type Of Emphasis" hidden="false" id="1" name="_TypeOfEmphasis" order="1"/>
        <number default="1.0" defaultValue="1.0" desc="The amount of time, in seconds, which it should take for the actor to go from unemphasised to emphasised. Only applies to grow, shrink and fade. " dropdown="" fullname="Emphasis Time" hidden="false" id="2" name="_EmphasisTime" order="2"/>
        <number default="50.0" defaultValue="50.0" desc="The amount, as a percentage, to emphasise the actor by, relative to it's normal state (don't use negative values). Does not apply to grayscale, negative and sepia." dropdown="" fullname="Emphasis Amount" hidden="false" id="3" name="_EmphasisAmount" order="3"/>
        <color default="255,0,0,255" defaultValue="255,0,0,255" desc="The colour to use, if you are using the tint option." dropdown="" fullname="Tinting Colour" hidden="false" id="4" name="_TintingColour" order="4"/>
        <blocks/>
        <events>
            <event displayName="On Actor" enabled="true" id="1" name="event-mouse-enter-exit-actor" order="1" repeats="true"/>
            <event displayName="On Actor" enabled="true" id="2" name="event-mouse-enter-exit-actor" order="2" repeats="true"/>
        </events>
    </snippet>
    <snippet attachedevent="false" class="scripts.Design_31_31_CameraFollow" classname="scripts.Design_31_31_CameraFollow" desc="Attach to an actor to make the camera follow it. You can then specify the speed at which the camera should &quot;scroll&quot; towards the actor." description="Attach to an actor to make the camera follow it. You can then specify the speed at which the camera should &quot;scroll&quot; towards the actor." design="true" drawOrder="0" id="31" name="Camera Follow" oid="-1" package="scripts" shared="false" type="actor">
        <actor default="thisactor" defaultValue="thisactor" desc="" dropdown="" fullname="Actor" hidden="true" id="2147483647" name="actor" order="0"/>
        <number default="0.0" defaultValue="0.0" desc="INTERNAL ATTRIBUTE: The x-position that the camera should be." dropdown="" fullname="intendedCameraX" hidden="true" id="1" name="_intendedCameraX" order="7"/>
        <number default="0.0" defaultValue="0.0" desc="INTERNAL ATTRIBUTE: The y-position that the camera should be." dropdown="" fullname="intendedCameraY" hidden="true" id="4" name="_intendedCameraY" order="8"/>
        <number default="0.0" defaultValue="0.0" desc="INTERNAL ATTRIBUTE: The current x-position of the camera." dropdown="" fullname="currentCameraX" hidden="true" id="6" name="_currentCameraX" order="5"/>
        <number default="0.0" defaultValue="0.0" desc="INTERNAL ATTRIBUTE: The current y-position of the camera." dropdown="" fullname="currentCameraY" hidden="true" id="8" name="_currentCameraY" order="6"/>
        <number default="0.0" defaultValue="0.0" desc="The speed, in pixels per frame, that the camera should scroll by following the actor. Leave as 0 to indicate an instant jump." dropdown="" fullname="Scroll Speed" hidden="false" id="9" name="_ScrollSpeed" order="4"/>
        <blocks/>
        <events>
            <event displayName="Updated" enabled="true" id="1" name="step" order="2" repeats="true"/>
            <event displayName="Created" enabled="true" id="2" name="init" order="1" repeats="true"/>
        </events>
    </snippet>
    <snippet actorid="21" attachedevent="true" class="scripts.ActorEvents_21" classname="scripts.ActorEvents_21" desc="Actor Specific Events" description="Actor Specific Events" design="true" drawOrder="0" id="32" name="ActorEvents_21" oid="-1" package="scripts." shared="false" type="actor">
        <blocks/>
        <events/>
    </snippet>
    <snippet attachedevent="false" class="Pathing" classname="Pathing" desc="" description="" design="false" drawOrder="0" id="33" name="Pathing" oid="-1" package="scripts" shared="false" type="arbitrary">
        <blocks/>
        <events/>
    </snippet>
    <snippet attachedevent="false" class="UnitTemplate" classname="UnitTemplate" desc="" description="" design="false" drawOrder="0" id="35" name="UnitTemplate" oid="-1" package="scripts" shared="false" type="arbitrary">
        <blocks/>
        <events/>
    </snippet>
    <snippet attachedevent="false" class="UnitsDatabase" classname="UnitsDatabase" desc="" description="" design="false" drawOrder="0" id="36" name="UnitsDatabase" oid="-1" package="scripts" shared="false" type="arbitrary">
        <blocks/>
        <events/>
    </snippet>
    <snippet actorid="24" attachedevent="true" class="scripts.ActorEvents_24" classname="scripts.ActorEvents_24" desc="Actor Specific Events" description="Actor Specific Events" design="true" drawOrder="0" id="37" name="ActorEvents_24" oid="-1" package="scripts." shared="false" type="actor">
        <blocks/>
        <events/>
    </snippet>
    <snippet attachedevent="false" class="CharacterClassDatabase" classname="CharacterClassDatabase" desc="" description="" design="false" drawOrder="0" id="38" name="CharacterClassDatabase" oid="-1" package="scripts" shared="false" type="arbitrary">
        <blocks/>
        <events/>
    </snippet>
    <snippet attachedevent="true" class="scripts.SceneEvents_3" classname="scripts.SceneEvents_3" desc="Scene Specific Events" description="Scene Specific Events" design="true" drawOrder="0" id="39" name="SceneEvents_3" oid="-1" package="scripts." sceneid="3" shared="false" type="scene">
        <blocks/>
        <events/>
    </snippet>
    <snippet attachedevent="false" class="AI" classname="AI" desc="" description="" design="false" drawOrder="0" id="40" name="AI" oid="-1" package="scripts" shared="false" type="arbitrary">
        <actor default="thisactor" defaultValue="thisactor" desc="" dropdown="" fullname="Actor" hidden="true" id="2147483647" name="actor" order="2147483647"/>
        <blocks/>
        <events/>
    </snippet>
    <snippet actorid="26" attachedevent="true" class="scripts.ActorEvents_26" classname="scripts.ActorEvents_26" desc="Actor Specific Events" description="Actor Specific Events" design="true" drawOrder="0" id="41" name="ActorEvents_26" oid="-1" package="scripts." shared="false" type="actor">
        <blocks/>
        <events/>
    </snippet>
    <snippet actorid="28" attachedevent="true" class="scripts.ActorEvents_28" classname="scripts.ActorEvents_28" desc="Actor Specific Events" description="Actor Specific Events" design="true" drawOrder="0" id="42" name="ActorEvents_28" oid="-1" package="scripts." shared="false" type="actor">
        <blocks/>
        <events/>
    </snippet>
    <snippet attachedevent="false" class="scripts.Design_43_43_RANDOMASSBEH" classname="scripts.Design_43_43_RANDOMASSBEH" desc="" description="" design="false" drawOrder="0" id="43" name="RANDOMASSBEH" oid="-1" package="scripts" shared="false" type="actor">
        <actor default="thisactor" defaultValue="thisactor" desc="" dropdown="" fullname="Actor" hidden="true" id="2147483647" name="actor" order="2147483647"/>
        <blocks/>
        <events/>
    </snippet>
    <snippet attachedevent="false" class="scripts.Design_44_44_CACACAXACA" classname="scripts.Design_44_44_CACACAXACA" desc="" description="" design="false" drawOrder="0" id="44" name="XCACACACAC" oid="-1" package="scripts" shared="false" type="scene">
        <blocks/>
        <events/>
    </snippet>
    <snippet attachedevent="true" class="scripts.SceneEvents_4" classname="scripts.SceneEvents_4" desc="Scene Specific Events" description="Scene Specific Events" design="true" drawOrder="0" id="45" name="SceneEvents_4" oid="-1" package="scripts." sceneid="4" shared="false" type="scene">
        <blocks/>
        <events>
            <event displayName="Created" enabled="true" id="1" name="init" order="1" repeats="true"/>
            <event displayName="Toggle Log" enabled="true" id="2" name="event-key-any-press-release" order="2" repeats="true"/>
        </events>
    </snippet>
    <snippet actorid="32" attachedevent="true" class="scripts.ActorEvents_32" classname="scripts.ActorEvents_32" desc="Actor Specific Events" description="Actor Specific Events" design="true" drawOrder="0" id="46" name="ActorEvents_32" oid="-1" package="scripts." shared="false" type="actor">
        <blocks/>
        <events/>
    </snippet>
    <snippet actorid="34" attachedevent="true" class="scripts.ActorEvents_34" classname="scripts.ActorEvents_34" desc="Actor Specific Events" description="Actor Specific Events" design="true" drawOrder="0" id="47" name="ActorEvents_34" oid="-1" package="scripts." shared="false" type="actor">
        <blocks/>
        <events/>
    </snippet>
    <snippet actorid="37" attachedevent="true" class="scripts.ActorEvents_37" classname="scripts.ActorEvents_37" desc="Actor Specific Events" description="Actor Specific Events" design="true" drawOrder="0" id="48" name="ActorEvents_37" oid="-1" package="scripts." shared="false" type="actor">
        <blocks/>
        <events/>
    </snippet>
    <snippet actorid="39" attachedevent="true" class="scripts.ActorEvents_39" classname="scripts.ActorEvents_39" desc="Actor Specific Events" description="Actor Specific Events" design="true" drawOrder="0" id="49" name="ActorEvents_39" oid="-1" package="scripts." shared="false" type="actor">
        <blocks/>
        <events/>
    </snippet>
    <snippet actorid="41" attachedevent="true" class="scripts.ActorEvents_41" classname="scripts.ActorEvents_41" desc="Actor Specific Events" description="Actor Specific Events" design="true" drawOrder="0" id="50" name="ActorEvents_41" oid="-1" package="scripts." shared="false" type="actor">
        <blocks/>
        <events/>
    </snippet>
    <snippet attachedevent="false" class="Town" classname="Town" desc="" description="" design="false" drawOrder="0" id="51" name="Town" oid="-1" package="scripts" shared="false" type="arbitrary">
        <actor default="thisactor" defaultValue="thisactor" desc="" dropdown="" fullname="Actor" hidden="true" id="2147483647" name="actor" order="2147483647"/>
        <blocks/>
        <events/>
    </snippet>
    <snippet attachedevent="false" class="TownNPC" classname="TownNPC" desc="" description="" design="false" drawOrder="0" id="52" name="TownNPC" oid="-1" package="scripts" shared="false" type="arbitrary">
        <actor default="thisactor" defaultValue="thisactor" desc="" dropdown="" fullname="Actor" hidden="true" id="2147483647" name="actor" order="2147483647"/>
        <blocks/>
        <events/>
    </snippet>
    <snippet actorid="44" attachedevent="true" class="scripts.ActorEvents_44" classname="scripts.ActorEvents_44" desc="Actor Specific Events" description="Actor Specific Events" design="true" drawOrder="0" id="53" name="ActorEvents_44" oid="-1" package="scripts." shared="false" type="actor">
        <blocks/>
        <events/>
    </snippet>
    <snippet attachedevent="false" class="BlacksmithUI" classname="BlacksmithUI" desc="" description="" design="false" drawOrder="0" id="54" name="BlacksmithUI" oid="-1" package="scripts" shared="false" type="arbitrary">
        <actor default="thisactor" defaultValue="thisactor" desc="" dropdown="" fullname="Actor" hidden="true" id="2147483647" name="actor" order="2147483647"/>
        <blocks/>
        <events/>
    </snippet>
    <snippet attachedevent="false" class="LogCommands" classname="LogCommands" desc="" description="" design="false" drawOrder="0" id="55" name="LogCommands" oid="-1" package="scripts" shared="false" type="arbitrary">
        <actor default="thisactor" defaultValue="thisactor" desc="" dropdown="" fullname="Actor" hidden="true" id="2147483647" name="actor" order="2147483647"/>
        <blocks/>
        <events/>
    </snippet>
    <snippet attachedevent="false" class="TownUI" classname="TownUI" desc="" description="" design="false" drawOrder="0" id="56" name="TownUI" oid="-1" package="scripts" shared="false" type="arbitrary">
        <actor default="thisactor" defaultValue="thisactor" desc="" dropdown="" fullname="Actor" hidden="true" id="2147483647" name="actor" order="2147483647"/>
        <blocks/>
        <events/>
    </snippet>
    <snippet attachedevent="false" class="MerchantUI" classname="MerchantUI" desc="" description="" design="false" drawOrder="0" id="57" name="MerchantUI" oid="-1" package="scripts" shared="false" type="arbitrary">
        <actor default="thisactor" defaultValue="thisactor" desc="" dropdown="" fullname="Actor" hidden="true" id="2147483647" name="actor" order="2147483647"/>
        <blocks/>
        <events/>
    </snippet>
    <snippet attachedevent="false" class="CharacterUI" classname="CharacterUI" desc="" description="" design="false" drawOrder="0" id="58" name="CharacterUI" oid="-1" package="scripts" shared="false" type="arbitrary">
        <actor default="thisactor" defaultValue="thisactor" desc="" dropdown="" fullname="Actor" hidden="true" id="2147483647" name="actor" order="2147483647"/>
        <blocks/>
        <events/>
    </snippet>
    <snippet attachedevent="false" class="CharacterInTown" classname="CharacterInTown" desc="" description="" design="false" drawOrder="0" id="59" name="CharacterInTown" oid="-1" package="scripts" shared="false" type="arbitrary">
        <actor default="thisactor" defaultValue="thisactor" desc="" dropdown="" fullname="Actor" hidden="true" id="2147483647" name="actor" order="2147483647"/>
        <blocks/>
        <events/>
    </snippet>
</pack>
