[
    {
        "name" : "Soldier",
        "stats" : {
            "maxHealth" : 11,
            "bonusDamage" : 3,
            "armor" : 1,
            "crit" : 0,
            "dodge" : 0,
            "initiative" : 0,
            "maxMana" : 0,
            "bonusSpellPower" : 0,
            "magicResistance" : 0,
            "speed" : 2
        },
        "availableSpells" : ["Move", "Melee Attack", "End Turn", "Frost Bolt"],
        "startingSpells" : ["Move", "Melee Attack", "Torch", "End Turn"]
    },
    {
        "name" : "Ranger",
        "stats" : {
            "maxHealth" : 9,
            "bonusDamage" : 3,
            "armor" : 1,
            "crit" : 3,
            "dodge" : 3,
            "initiative" : 1,
            "maxMana" : 0,
            "bonusSpellPower" : 0,
            "magicResistance" : 0,
            "speed" : 3
        },
        "startingSpells" : ["Move", "Shoot Arrow", "Torch", "End Turn"],
        "availableSpells" : ["Move", "Shoot Arrow", "Torch", "End Turn"]
    }
]