[
	{
		"name" 			: "Cobblesword",
		"level" 		: 2,							
		"imageName"		: "Icons/Cobblesword.png",		
		"rarity" 		: 1,							
		"price" 		: 65,							
		"stats"			: {
			"bonusDamage"		: 6                  
		}
	},
	{
		"name" 			: "Red Potion",
		"isStackable" 	: true,							
		"nStacks" 		: 3,							
		"icon"			: "Icons/RedPotion.png",		
		"rarity" 		: 2,							
		"price" 		: 100,							
		"stats"			: {},
		"effect"		: {
			"description"	: "Heals a bunch...",
			"healAmount"	: 7
		}
	},
	{
		"name" 			: "Sapphire",
		"isStackable" 	: true,							
		"nStacks" 		: 1,							
		"icon"			: "Icons/Sapphire.png",		
		"rarity" 		: 2,							
		"price" 		: 250,							
		"stats"			: {},
		"effect"		: {
			"description"	: "Worth more than the life of the previous owner, it seems."
		}
	},
	{
		"name" 			: "Warrior Helmet",
		"level" 		: 20,							
		"icon"			: "Icons/WarriorHelmet.png",	
		"rarity" 		: 4,							
		"price" 		: 400,							
		"stats"			: {
			"maxHealth"		    : 20,                     
			"armor"			    : 7,                      
			"initiative"		: 3,                      
			"magicResistance"	: 5	                   
		}
	},
	{
		"name" 			: "Hunter Hatchet",
		"level" 		: 20,							
		"icon"			: "Icons/HunterHatchet.png",	
		"rarity" 		: 1,							
		"price" 		: 75,							
		"stats"			: { 
			"initiative"		: 1,                      
			"critChance"		: 3,
			"bonusDamage"		: 4	                   
		}
	}
]