[
	{
		"name" 			: "Move",
		"description"	: "Move a number of tiles equal to your speed.",
		"isFreeAction"	: true,
		"effect"		: {
			"type"	: "NORMAL_MOVE"
		},
		"missile"	: {},
		"targetEffect" : {}
	},
	{
		"name" : "End Turn",
		"description" : "End your turn",
		"isInstant" : true,
		"effect" : {
			"type" : "END_TURN"
		},
		"missile" : {},
		"targetEffect" : {}
	},
	{
		"name" : "Melee Attack",
		"description" : "Make an attack on a close enemy!",
		"range" : 1,
		"effect" : {
			"type" : "SKILL_SHOT",
			"skillShot" : {								
				"up"	: true,                        
				"left"	: true,                        
				"down"	: true,                        
				"right"	: true                         
			}
		},
		"calculations" : {
			"baseDamage" : 1,
			"bonusDamageScaling" : 1,
			"damageType" : "PHYSICAL"
		},
		"missile" : {},
		"targetEffect" : {}
	},
	{
		"name" : "Shoot Arrow",
		"description" : "Shoot an arrow in a direction!",
		"range" : 4,
		"effect" : {
			"type" : "SKILL_SHOT",
			"skillShot" : {								
				"up"	: true,                        
				"left"	: true,                        
				"down"	: true,                        
				"right"	: true                         
			}
		},
		"calculations" : {
			"baseDamage" : 1,
			"bonusDamageScaling" : 0.75,
			"damageType" : "PHYSICAL"
		},
		"missile" : {
			"animationName" : "Arrow",
			"speed" : "FAST"
		}
	},
	{
		"name" 			: "Torch",					
		"description"	: "Illuminates the area and deals a bit of damage.",		
		"range"			: 5,							
		"effect"		: {								
			"type"	: "TARGET_IN_RANGE",
			"targetInRange" : {
				"allowSelf" : false
			}
		},
		"calculations" : {
			"baseDamage" : 2,
			"bonusDamageScaling" : 0,
			"damageType" : "FIRE"
		},
		"targetEffect" : {								
			"animationName" : "",			
			"duration"		: 0.5						
		}
	},
	{
		"name" 			: "Frost Bolt",					
		"description"	: "Hurls a bolt of frost!",		
		"range"			: 3,							
		"effect"		: {								
			"type"	: "SKILL_SHOT",						
			"skillShot" : {								
				"up"	: true,                        
				"left"	: true,                        
				"down"	: true,                        
				"right"	: true                         
			}
		},
		"calculations" : {
			"baseDamage" : 5,
			"bonusDamageScaling" : 0,
			"damageType" : "COLD"
		},
		"missile"	: {									
			"animationName"	: "Frost Bolt"	,			
			"speed"			: "MEDIUM"					
		},
		"targetEffect" : {								
			"animationName" : "",			
			"duration"		: 0.5						
		}
	},
	{
		"name" 			: "Fire Ball",					
		"description"	: "Hurls a big ball of fire!",		
		"range"			: 6,							
		"effect"		: {								
			"type"	: "SKILL_SHOT",						
			"skillShot" : {								
				"up"	: false,                        
				"left"	: true,                        
				"down"	: false,                        
				"right"	: true                        
			}
		},
		"missile"	: {								
			"animationName"	: "Fire Ball",			
			"speed"			: "SLOW"				
		},
		"targetEffect" : {							
			"animationName" : "Fire Explosion",		
			"duration"		: 0.5					
		}
	},
	{
		"name" 			: "Mage Shield",
		"description"	: "Protects you from a litle bit of damage...",
		"range"			: 0,							
		"effect"		: {								
			"type"	: "ANY_ALLY",						
			"skillShot" : {								
				"up"	: false,                        
				"left"	: false,                        
				"down"	: false,                        
				"right"	: false                         
			},
			"anyAlly" : {								
				"allowSelf" : true						
			}
		},
		"missile"	: {									
			"animationName"	: "",						
			"speed"			: "MEDIUM"					
		},
		"targetEffect" : {								
			"animationName" : "Mage Shield",			
			"duration"		: 0.5						
		}
	},
	{
		"name" 			: "Healing Word",				
		"description"	: "Pdsaasdsage...",				
		"range"			: 3,							
		"effect"		: {								
			"type"	: "ANY_ALLY",						
			"skillShot" : {								
				"up"	: false,                        
				"left"	: false,                        
				"down"	: false,                        
				"right"	: false                         
			},
			"anyAlly" : {								
				"allowSelf" : true						
			}
		},
		"missile"	: {									
			"animationName"	: "",						
			"speed"			: "MEDIUM"					
		},
		"targetEffect" : {								
			"animationName" : "Healing Word",			
			"duration"		: 0.5						
		}
	}
]








